{
  "valid_rmse": 2.038076639175415,
  "valid_wape": 0.7407788038253784,
  "valid_sum_y": 192778.0
}